Workbook

Sheet Sheet1
A1: patient_name | B1: jaccard | C1: DSC | D1: Volume (cc) | E1: volume_similarity | F1: false_negative | G1: false_positive | H1: Mean Surface Distance | I1: Median Surface Distance | J1: std_surface_distance | K1: Hausdorff Distance
A2: Overall_Data_LiTs_101 | B2: 0 | C2: 0 | D2: 0.00034799461 | E2: -1.9999851 | F2: 1 | G2: 1 | H2: 50.319214 | I2: 50.356689 | J2: 22.563177 | K2: 100.26572
A3: Overall_Data_LiTs_101 | B3: 0 | C3: 0 | D3: 0.00034799461 | E3: -1.9942775 | F3: 1 | G3: 1 | H3: 41.538361 | I3: 41.455956 | J3: 2.4551241 | K3: 46.395378
A4: Overall_Data_LiTs_101 | B4: 0 | C4: 0 | D4: 0.00034799461 | E4: -1.9995854 | F4: 1 | G4: 1 | H4: 12.316544 | I4: 13.037904 | J4: 4.062005 | K4: 19.161222
A5: Overall_Data_LiTs_19 | B5: 0 | C5: 0 | D5: 0.00045234 | E5: -1.9985196 | F5: 1 | G5: 1 | H5: 27.217691 | I5: 27.468512 | J5: 4.7006564 | K5: 36.238602
A6: Overall_Data_LiTs_90 | B6: 1.100231e-05 | C6: 2.2004379e-05 | D6: 0.00048796883 | E6: -1.999956 | F6: 0.999989 | G6: 0 | H6: 33.541828 | I6: 30.356466 | J6: 17.601737 | K6: 71.397629
A7: Overall_Data_LiTs_10 | B7: 0 | C7: 0 | D7: 0.00059217834 | E7: -1.9981025 | F7: 1 | G7: 1 | H7: 9.7859364 | I7: 10.170882 | J7: 3.260673 | K7: 14.763684
A8: Overall_Data_LiTs_10 | B8: 0 | C8: 0 | D8: 0.00059217834 | E8: -1.9981025 | F8: 1 | G8: 1 | H8: 9.2582397 | I8: 9.6427794 | J8: 3.1823072 | K8: 14.1283 | N8: =MEDIAN(H2:H73) -> 21.634901 | O8: =MIN(H2:H73) -> 0.3005864 | P8: =MAX(H2:H73) -> 132.92172
A9: Overall_Data_LiTs_10 | B9: 0 | C9: 0 | D9: 0.00059217834 | E9: -1.9981025 | F9: 1 | G9: 1 | H9: 9.3483772 | I9: 9.8580685 | J9: 3.3342826 | K9: 14.403403
A10: Overall_Data_LiTs_9 | B10: 0 | C10: 0 | D10: 0.0006729126 | E10: -1.997421 | F10: 1 | G10: 1 | H10: 8.9494238 | I10: 9.1680288 | J10: 3.0982945 | K10: 14.524368
A11: Overall_Data_LiTs_10 | B11: 0 | C11: 0 | D11: 0.001776535 | E11: -1.9943128 | F11: 1 | G11: 1 | H11: 9.3992214 | I11: 10.059044 | J11: 3.4777863 | K11: 14.246627
A12: Overall_Data_LiTs_4 | B12: 9.8491763e-06 | C12: 1.9698159e-05 | D12: 0.011724835 | E12: -1.9999606 | F12: 0.99999015 | G12: 0 | H12: 74.213219 | I12: 72.710655 | J12: 27.849016 | K12: 131.50424
A13: Overall_Data_LiTs_99 | B13: 0 | C13: 0 | D13: 0.015380509 | E13: -1.9428798 | F13: 1 | G13: 1 | H13: 15.947225 | I13: 16.367144 | J13: 2.7112839 | K13: 21.680725
A14: Overall_Data_LiTs_100 | B14: 0 | C14: 0 | D14: 0.02156079 | E14: -1.9998519 | F14: 1 | G14: 1 | H14: 74.970131 | I14: 78.347534 | J14: 24.120874 | K14: 125.23465
A15: Overall_Data_LiTs_72 | B15: 0 | C15: 0 | D15: 0.042487414 | E15: -1.9962675 | F15: 1 | G15: 1 | H15: 58.481804 | I15: 57.823971 | J15: 16.210382 | K15: 107.55705
A16: Overall_Data_LiTs_100 | B16: 0 | C16: 0 | D16: 0.047228398 | E16: -1.8772788 | F16: 1 | G16: 1 | H16: 36.497234 | I16: 36.180847 | J16: 3.7767394 | K16: 44.297466
A17: Overall_Data_LiTs_83 | B17: 0 | C17: 0 | D17: 0.052440185 | E17: -1.751938 | F17: 1 | G17: 1 | H17: 132.92172 | I17: 132.45084 | J17: 2.891355 | K17: 140.09074
A18: Overall_Data_LiTs_78 | B18: 0 | C18: 0 | D18: 0.060105821 | E18: -1.9451091 | F18: 1 | G18: 1 | H18: 28.755867 | I18: 28.544609 | J18: 5.7324281 | K18: 41.164509
A19: Overall_Data_LiTs_99 | B19: 0 | C19: 0 | D19: 0.068785056 | E19: -1.7566138 | F19: 1 | G19: 1 | H19: 27.703514 | I19: 27.435982 | J19: 5.9951949 | K19: 39.885944
A20: Overall_Data_LiTs_78 | B20: 0 | C20: 0 | D20: 0.089388145 | E20: -1.9189095 | F20: 1 | G20: 1 | H20: 27.977434 | I20: 27.590576 | J20: 5.6830177 | K20: 40.490173
... A26: Overall_Data_LiTs_100 | B26: 0.68681319 | C26: 0.81433225 | D26: 0.15092553 | E26: -0.084690554 | F26: 0.21875 | G26: 0.14965986 | H26: 0.3005864 | I26: 0 | J26: 0.41632612 | K26: 2.0976562
A27: Overall_Data_LiTs_99 | B27: 0 | C27: 0 | D27: 0.16106811 | E27: -0.94839609 | F27: 1 | G27: 1 | H27: 53.543552 | I27: 53.385044 | J27: 2.8583591 | K27: 60.389854 | N27: median | O27: min | P27: max
A28: Overall_Data_LiTs_107 | B28: 0 | C28: 0 | D28: 0.16193156 | E28: -1.3484252 | F28: 1 | G28: 1 | H28: 18.781097 | I28: 18.04171 | J28: 3.45837 | K28: 27.80949 | N28: =MEDIAN(C2:C73) -> 0 | O28: 0 | P28: =MAX(C2:C73) -> 0.82514881
A29: Overall_Data_LiTs_19 | B29: 0 | C29: 0 | D29: 0.16465176 | E29: -1.9300773 | F29: 1 | G29: 1 | H29: 31.543108 | I29: 30.763056 | J29: 9.7476835 | K29: 54.895679
A30: Overall_Data_LiTs_99 | B30: 0 | C30: 0 | D30: 0.1691856 | E30: -0.90984171 | F30: 1 | G30: 1 | H30: 55.654556 | I30: 55.610531 | J30: 2.5379143 | K30: 61.377743
A31: Overall_Data_LiTs_90 | B31: 0.0012932387 | C31: 0.0025831368 | D31: 0.17274097 | E31: -1.9940037 | F31: 0.99870649 | G31: 0.13841808 | H31: 53.60302 | I31: 50.392096 | J31: 27.611249 | K31: 107.92342
A32: Overall_Data_LiTs_99 | B32: 0 | C32: 0 | D32: 0.17943928 | E32: -0.86255924 | F32: 1 | G32: 1 | H32: 83.410423 | I32: 83.301971 | J32: 2.6065915 | K32: 89.507225
A33: Overall_Data_LiTs_90 | B33: 0.0013397835 | C33: 0.0026759818 | D33: 0.18640409 | E33: -1.9935302 | F33: 0.99865984 | G33: 0.17277487 | H33: 58.723054 | I33: 56.39452 | J33: 32.25996 | K33: 115.53258
A34: Overall_Data_LiTs_100 | B34: 0.47577855 | C34: 0.64478312 | D34: 0.18891359 | E34: 0.58851114 | F34: 0.086378738 | G34: 0.50181159 | H34: 0.67291444 | I34: 0.69921875 | J34: 0.62937039 | K34: 3.1276977
A35: Overall_Data_LiTs_99 | B35: 0.37583893 | C35: 0.54634146 | D35: 0.18926571 | E35: 0.88130081 | F35: 0.023255814 | G35: 0.62076749 | H35: 0.76150107 | I35: 0.69998932 | J35: 0.51417022 | K35: 1.8819491
A36: Overall_Data_LiTs_10 | B36: 0 | C36: 0 | D36: 0.19897192 | E36: -1.5112727 | F36: 1 | G36: 1 | H36: 16.113073 | I36: 15.639081 | J36: 3.9919605 | K36: 24.807068
A37: Overall_Data_LiTs_78 | B37: 0 | C37: 0 | D37: 0.20343509 | E37: -0.7184466 | F37: 1 | G37: 1 | H37: 25.471996 | I37: 25.152063 | J37: 2.2803199 | K37: 30.356581
A38: Overall_Data_LiTs_103 | B38: 0.65708419 | C38: 0.79306072 | D38: 0.21003428 | E38: 0.032218092 | F38: 0.19395466 | G38: 0.2195122 | H38: 0.36470146 | I38: 0 | J38: 0.45838207 | K38: 2.2107265
A39: Overall_Data_LiTs_7 | B39: 0.31804044 | C39: 0.48259587 | D39: 0.23222326 | E39: -1.020649 | F39: 0.68046875 | G39: 0.014457831 | H39: 1.4972148 | I39: 1.2488291 | J39: 1.2943784 | K39: 6.4059477
A40: Overall_Data_LiTs_78 | B40: 0 | C40: 0 | D40: 0.25583503 | E40: -0.51121076 | F40: 1 | G40: 1 | H40: 23.471962 | I40: 23.678144 | J40: 2.5089352 | K40: 28.333235
... A139: Overall_Data_LiTs_4 | B139: 0.8042765 | C139: 0.89152245 | D139: 1013.1821 | E139: -0.16087714 | F139: 0.17485133 | G139: 0.030491694 | H139: 2.3391347 | I139: 1.5061431 | J139: 3.4997343 | K139: 39.874573

Sheet volume tables
D2: Dice Similarity Coefficient | I2: Criteria | J2: # Sites | K2: Dice Similarity Coefficient
A3: Method | B3: Criteria | C3: # Sites | D3: Mean (Min, Max) | K3: Mean | L3: Min | M3: Max
A4: Ours | B4: less than 1 cc | C4: n = 72 | D4: =AVERAGE('< 1 cc'!A2:A73) -> 0.20716447 | E4: =MIN('< 1 cc'!A2:A73) -> 0 | F4: =MAX('< 1 cc'!A2:A73) -> 0.82514881 | I4: less than 1 cc | J4: n = 72 | K4: =D4 -> 0.20716447 | L4: =E4 -> 0 | M4: =F4 -> 0.82514881
B5: 1-2 cc | C5: n = 16 | D5: =AVERAGE('1-2 cc'!A74:A89) -> 0.53324709 | E5: =MIN('1-2 cc'!A74:A89) -> 0 | F5: =MAX('1-2 cc'!A74:A89) -> 0.85437402 | I5: 1-2 cc | J5: n = 16 | K5: =D5 -> 0.53324709 | L5: =E5 -> 0 | M5: =F5 -> 0.85437402
B6: greater than 2 cc | C6: n = 50 | D6: =AVERAGE('> 2 cc'!A90:A139) -> 0.7175511 | E6: =MIN('> 2 cc'!A90:A139) -> 0.00361715 | F6: =MAX('> 2 cc'!A90:A139) -> 0.95466424 | I6: greater than 2 cc | J6: n = 50 | K6: =D6 -> 0.7175511 | L6: =E6 -> 0.00361715 | M6: =F6 -> 0.95466424
A7: Theirs | B7: less than 10 mm | C7: n = 30 | D7: 0.14
B8: 10-20 mm | C8: n = 35 | D8: 0.53
B9: greater than 20 mm | C9: n = 40 | D9: 0.68 | I9: Criteria | J9: # Sites | K9: Mean Surface Distance (mm)
K10: Mean | L10: Min | M10: Max
I11: less than 1 cc | J11: n = 72 | K11: =AVERAGE(Sheet1!H2:H73) -> 27.560754 | L11: =MIN(Sheet1!H2:H73) -> 0.3005864 | M11: =MAX(Sheet1!H2:H73) -> 132.92172
I12: 1-2 cc | J12: n = 16 | K12: =AVERAGE(Sheet1!H74:H89) -> 8.7578214 | L12: =MIN(Sheet1!H74:H89) -> 0.39987171 | M12: =MAX(Sheet1!H74:H89) -> 57.246025
I13: greater than 2 cc | J13: n = 50 | K13: =AVERAGE(Sheet1!H90:H139) -> 7.9814427 | L13: =MIN(Sheet1!H90:H139) -> 0.40490974 | M13: =MAX(Sheet1!H90:H139) -> 103.38479

Sheet < 1 cc
A1: DSC | B1: Volume (cc)
A2: 0 | B2: 0.00034799461
A3: 0 | B3: 0.00034799461
A4: 0 | B4: 0.00034799461
A5: 0 | B5: 0.00045234
A6: 2.2004379e-05 | B6: 0.00048796883
A7: 0 | B7: 0.00059217834
A8: 0 | B8: 0.00059217834
A9: 0 | B9: 0.00059217834
A10: 0 | B10: 0.0006729126
A11: 0 | B11: 0.001776535
A12: 1.9698159e-05 | B12: 0.011724835
A13: 0 | B13: 0.015380509
... A139: 0.89152245 | B139: 1013.1821
A142: =AVERAGE(A2:A73) -> 0.20716447
A143: =MAX(A2:A73) -> 0.82514881

Sheet 1-2 cc
A1: DSC | B1: Volume (cc)
A2: 0 | B2: 0.00034799461
A3: 0 | B3: 0.00034799461
A4: 0 | B4: 0.00034799461
A5: 0 | B5: 0.00045234
A6: 2.2004379e-05 | B6: 0.00048796883
A7: 0 | B7: 0.00059217834
A8: 0 | B8: 0.00059217834
A9: 0 | B9: 0.00059217834
A10: 0 | B10: 0.0006729126
A11: 0 | B11: 0.001776535
A12: 1.9698159e-05 | B12: 0.011724835
A13: 0 | B13: 0.015380509
... A139: 0.89152245 | B139: 1013.1821
A141: =AVERAGE(A74:A89) -> 0.53324709

Sheet > 2 cc
A1: DSC | B1: Volume (cc)
A2: 0 | B2: 0.00034799461
A3: 0 | B3: 0.00034799461
A4: 0 | B4: 0.00034799461
A5: 0 | B5: 0.00045234
A6: 2.2004379e-05 | B6: 0.00048796883
A7: 0 | B7: 0.00059217834
A8: 0 | B8: 0.00059217834
A9: 0 | B9: 0.00059217834
A10: 0 | B10: 0.0006729126
A11: 0 | B11: 0.001776535
A12: 1.9698159e-05 | B12: 0.011724835
A13: 0 | B13: 0.015380509
... A139: 0.89152245 | B139: 1013.1821
A141: =AVERAGE(A90:A139) -> 0.7175511

Sheet > 1 cc
A1: patient_name | B1: jaccard | C1: DSC | D1: Volume (cc) | E1: volume_similarity | F1: false_negative | G1: false_positive | H1: mean_surface_distance | I1: max_surface_distance
A2: Overall_Data_LiTs_101 | B2: 0 | C2: 0 | D2: 0.00034799461 | E2: -1.9999851 | F2: 1 | G2: 1 | H2: 50.319214 | I2: 100.26572
A3: Overall_Data_LiTs_101 | B3: 0 | C3: 0 | D3: 0.00034799461 | E3: -1.9942775 | F3: 1 | G3: 1 | H3: 41.538361 | I3: 46.395378
A4: Overall_Data_LiTs_101 | B4: 0 | C4: 0 | D4: 0.00034799461 | E4: -1.9995854 | F4: 1 | G4: 1 | H4: 12.316544 | I4: 19.161222
A5: Overall_Data_LiTs_19 | B5: 0 | C5: 0 | D5: 0.00045234 | E5: -1.9985196 | F5: 1 | G5: 1 | H5: 27.217691 | I5: 36.238602
A6: Overall_Data_LiTs_90 | B6: 1.100231e-05 | C6: 2.2004379e-05 | D6: 0.00048796883 | E6: -1.999956 | F6: 0.999989 | G6: 0 | H6: 33.541828 | I6: 71.397629
A7: Overall_Data_LiTs_10 | B7: 0 | C7: 0 | D7: 0.00059217834 | E7: -1.9981025 | F7: 1 | G7: 1 | H7: 9.7859364 | I7: 14.763684
A8: Overall_Data_LiTs_10 | B8: 0 | C8: 0 | D8: 0.00059217834 | E8: -1.9981025 | F8: 1 | G8: 1 | H8: 9.2582397 | I8: 14.1283
A9: Overall_Data_LiTs_10 | B9: 0 | C9: 0 | D9: 0.00059217834 | E9: -1.9981025 | F9: 1 | G9: 1 | H9: 9.3483772 | I9: 14.403403
A10: Overall_Data_LiTs_9 | B10: 0 | C10: 0 | D10: 0.0006729126 | E10: -1.997421 | F10: 1 | G10: 1 | H10: 8.9494238 | I10: 14.524368
A11: Overall_Data_LiTs_10 | B11: 0 | C11: 0 | D11: 0.001776535 | E11: -1.9943128 | F11: 1 | G11: 1 | H11: 9.3992214 | I11: 14.246627
A12: Overall_Data_LiTs_4 | B12: 9.8491763e-06 | C12: 1.9698159e-05 | D12: 0.011724835 | E12: -1.9999606 | F12: 0.99999015 | G12: 0 | H12: 74.213219 | I12: 131.50424
A13: Overall_Data_LiTs_99 | B13: 0 | C13: 0 | D13: 0.015380509 | E13: -1.9428798 | F13: 1 | G13: 1 | H13: 15.947225 | I13: 21.680725
... A75: Overall_Data_LiTs_10 | B75: 0.74577046 | C75: 0.85437402 | D75: 1.0132171 | E75: -0.20743845 | F75: 0.22591362 | G75: 0.046756283 | H75: 0.39987171 | I75: 2.5158706
A76: Overall_Data_LiTs_7 | B76: 0.6706334 | C76: 0.80284926 | D76: 1.0173058 | E76: -0.32904412 | F76: 0.31057616 | G76: 0.039053905 | H76: 0.63372999 | I76: 4.5865202 | K76: DSC
A77: Overall_Data_LiTs_100 | B77: 0.64393268 | C77: 0.78340517 | D77: 1.0486073 | E77: -0.34913793 | F77: 0.33302752 | G77: 0.050913838 | H77: 0.98457149 | I77: 14.004345 | J77: mean | K77: median | L77: min | M77: max
A78: Overall_Data_LiTs_11 | B78: 0.71847949 | C78: 0.83618046 | D78: 1.1375684 | E78: 0.20762155 | F78: 0.066959922 | G78: 0.24246032 | H78: 0.46671639 | I78: 3.0743155 | J78: =AVERAGE(C74:C139) -> 0.67287134 | K78: =MEDIAN(C74:C139) -> 0.76428895 | L78: =MIN(C74:C139) -> 0 | M78: =MAX(C74:C139) -> 0.95466424
A79: Overall_Data_LiTs_19 | B79: 0 | C79: 0 | D79: 1.2801222 | E79: 0.046646176 | F79: 1 | G79: 1 | H79: 16.122871 | I79: 25.083012 | K79: MSD
A80: Overall_Data_LiTs_90 | B80: 0.030738765 | C80: 0.059644142 | D80: 1.3658248 | E80: -1.8804982 | F80: 0.96925954 | G80: 0.0017863523 | H80: 21.237042 | I80: 57.883141 | K80: median | L80: min | M80: max
A81: Overall_Data_LiTs_14 | B81: 0.27680096 | C81: 0.43358514 | D81: 1.4620907 | E81: -1.0207743 | F81: 0.71293112 | G81: 0.11443266 | H81: 7.187712 | I81: 24.880512 | K81: =MEDIAN(H73:H138) -> 1.015843 | L81: =MIN(H74:H139) -> 0.39987171 | M81: =MAX(H73:H138) -> 103.38479
A82: Overall_Data_LiTs_66 | B82: 0.52224053 | C82: 0.68614719 | D82: 1.5348049 | E82: 0.61471861 | F82: 0.009375 | G82: 0.47516556 | H82: 0.59270973 | I82: 5.7031288 | K82: HD
A83: Overall_Data_LiTs_3 | B83: 0.7031329 | C83: 0.82569352 | D83: 1.5590632 | E83: -0.075656431 | F83: 0.20440252 | G83: 0.14184397 | H83: 0.56044119 | I83: 2.9677386 | K83: median | L83: min | M83: max
A84: Overall_Data_LiTs_53 | B84: 0.29690346 | C84: 0.45786517 | D84: 1.5692701 | E84: 1.0505618 | F84: 0.035502959 | G84: 0.69981584 | H84: 2.4634336 | I84: 4.8192344 | K84: =MEDIAN(I74:I139) -> 8.9233251 | L84: =MIN(I74:I139) -> 2.5158706 | M84: =MAX(I74:I139) -> 190.078
A85: Overall_Data_LiTs_11 | B85: 0.61578658 | C85: 0.76221277 | D85: 1.5867273 | E85: 0.39319149 | F85: 0.051271186 | G85: 0.36301565 | H85: 0.78499082 | I85: 4.1534295
A86: Overall_Data_LiTs_99 | B86: 0.61938776 | C86: 0.76496534 | D86: 1.6504141 | E86: 0.43415249 | F86: 0.022937626 | G86: 0.37147295 | H86: 0.73235183 | I86: 3.4999237
A87: Overall_Data_LiTs_78 | B87: 0 | C87: 0 | D87: 1.7569394 | E87: -1.1563367 | F87: 1 | G87: 1 | H87: 57.246025 | I87: 69.941689
A88: Overall_Data_LiTs_99 | B88: 0.61761592 | C88: 0.76361257 | D88: 1.8802673 | E88: 0.30418848 | F88: 0.099413399 | G88: 0.33719609 | H88: 0.99156284 | I88: 5.3026981
A89: Overall_Data_LiTs_85 | B89: 0 | C89: 0 | D89: 1.9683872 | E89: -0.94968773 | F89: 1 | G89: 1 | H89: 28.00565 | I89: 72.729156
A90: Overall_Data_LiTs_66 | B90: 0.53409091 | C90: 0.6962963 | D90: 2.0074435 | E90: 0.60082305 | F90: 0.0047058824 | G90: 0.46455696 | H90: 0.79379974 | I90: 5
A91: Overall_Data_LiTs_129 | B91: 0.60400068 | C91: 0.75311773 | D91: 2.0201087 | E91: 0.45402663 | F91: 0.025704129 | G91: 0.38621878 | H91: 0.94212308 | I91: 3.7931995
A92: Overall_Data_LiTs_66 | B92: 0.68013468 | C92: 0.80961924 | D92: 2.1090862 | E92: 0.21776887 | F92: 0.091454273 | G92: 0.26987952 | H92: 0.66402713 | I92: 5.1006298
A93: Overall_Data_LiTs_4 | B93: 0.49529359 | C93: 0.66247002 | D93: 2.1873332 | E93: 0.013189448 | F93: 0.33313217 | G93: 0.34187016 | H93: 1.205261 | I93: 9.3371611
A94: Overall_Data_LiTs_107 | B94: 0.29082047 | C94: 0.45059786 | D94: 2.2773154 | E94: 0.92951542 | F94: 0.15814227 | G94: 0.69237379 | H94: 2.4691066 | I94: 11.443069
A95: Overall_Data_LiTs_129 | B95: 0.76230295 | C95: 0.86512134 | D95: 2.3044203 | E95: 0.060360921 | F95: 0.10795637 | G95: 0.1602235 | H95: 0.52437708 | I95: 2.5421953
A96: Overall_Data_LiTs_101 | B96: 0.65648468 | C96: 0.7926239 | D96: 2.322864 | E96: -0.36427127 | F96: 0.32949834 | G96: 0.030861423 | H96: 0.83498712 | I96: 3.4500301
... A139: Overall_Data_LiTs_4 | B139: 0.8042765 | C139: 0.89152245 | D139: 1013.1821 | E139: -0.16087714 | F139: 0.17485133 | G139: 0.030491694 | H139: 2.3391347 | I139: 39.874573
